{"src/app/forms/updateform.php":{"_objects":{"label":{"id":"label","type":"ide\\formats\\form\\elements\\LabelFormElement","version":0,"data":[]},"labelAlt":{"id":"labelAlt","type":"ide\\formats\\form\\elements\\LabelFormElement","version":0,"data":[]},"labelVersion":{"id":"labelVersion","type":"ide\\formats\\form\\elements\\LabelFormElement","version":0,"data":[]},"description":{"id":"description","type":"ide\\formats\\form\\elements\\TextAreaFormElement","version":0,"data":[]},"progressBar":{"id":"progressBar","type":"ide\\formats\\form\\elements\\ProgressBarFormElement","version":0,"data":[]},"labelCurrent":{"id":"labelCurrent","type":"ide\\formats\\form\\elements\\LabelFormElement","version":0,"data":[]},"labelStatus":{"id":"labelStatus","type":"ide\\formats\\form\\elements\\LabelFormElement","version":0,"data":[]},"buttonClose":{"id":"buttonClose","type":"ide\\formats\\form\\elements\\ButtonFormElement","version":0,"data":[]},"buttonDownload":{"id":"buttonDownload","type":"ide\\formats\\form\\elements\\ButtonFormElement","version":0,"data":[]}}},"src/app/modules/appmodule.php":{"_objects":{"zipFile":{"id":"zipFile","type":"develnext\\bundle\\zip\\components\\ZipFileScriptComponent"}}}}